{"schemaVersion":"1.0","appDefinitionTemplate":{"id":"/providers/Microsoft.PowerApps/apps/","type":"Microsoft.PowerApps/apps","tags":{"primaryDeviceWidth":"1357","primaryDeviceHeight":"543","supportsPortrait":"true","supportsLandscape":"true","primaryFormFactor":"Tablet","showStatusBar":"false","publisherVersion":"3.24063.22","minimumRequiredApiVersion":"2.2.0","hasComponent":"false","hasUnlockedComponent":"false","isUnifiedRootApp":"false","sienaVersion":"20240626T201737Z-3.24063.22.0"},"properties":{"appVersion":"2024-06-26T20:17:37Z","lifeCycleId":"Published","createdByClientVersion":{"major":3,"minor":24063,"build":22,"revision":0,"majorRevision":0,"minorRevision":0},"minClientVersion":{"major":3,"minor":24063,"build":22,"revision":0,"majorRevision":0,"minorRevision":0},"backgroundColor":"RGBA(0,176,240,1)","backgroundImageUri":"/12446121868748810588/N4bfc0ab3-7aa4-484f-9c51-1078190e37b7-logoSmallFile","displayName":"Visitor Register","description":"Vusumuzi Gobidolo's sample visitor appointment/register app. This app is a digital representation of a register provided at the gate by security for visitor monitoring and management.","commitMessage":"","appUris":{"documentUri":{"value":"/12446121868748810588/N7e222805-25bc-44ab-8ed2-556c64365a46-document.msapp"},"imageUris":[],"additionalUris":[{"isSolutionAware":false,"value":"/12446121868748810588/Nf3a6df72-d2ab-4c95-9f94-a861cacdc53c-identity.json"}]},"createdTime":"0001-01-01T00:00:00Z","lastModifiedTime":"0001-01-01T00:00:00Z","sharedGroupsCount":0,"sharedUsersCount":0,"connectionReferences":{"9e13f5c8-ac0a-4be1-962d-38c84d7bb346":{"id":"7eea2b41-90ee-40dc-b029-580fd630ecee","displayName":"SharePoint","iconUri":"https://connectoricons-prod.azureedge.net/releases/v1.0.1694/1.0.1694.3752/sharepointonline/icon.png","dataSources":["VisitorRegister"],"dependencies":[],"dependents":[],"parameterHints":{},"parameterHintsV2":{},"isOnPremiseConnection":false,"bypassConsent":false,"dataSets":{"https://barloworldequipment0-my.sharepoint.com/personal/vusumuzi_gobidolo_bw-eq_com/_layouts/15/onedrive.aspx?view=1":{"dataSources":{"VisitorRegister":{"tableName":"812cd349-ca02-4e14-a246-eaa552920898"}}}},"apiTier":"Standard","isCustomApiConnection":false,"actions":["providers/PowerPlatform.Governance/Operations/Read","providers/PowerPlatform.Governance/Operations/Write","providers/PowerPlatform.Governance/Operations/Delete"]}},"databaseReferences":{},"almMode":"Environment","performanceOptimizationEnabled":true,"canConsumeAppPass":true,"enableModernRuntimeMode":false,"executionRestrictions":{"isTeamsOnly":false,"dataLossPreventionEvaluationResult":{"status":"Compliant","lastEvaluationDate":"2024-06-21T12:51:16.3624029Z","violations":[],"violationsByPolicy":[],"violationErrorMessage":"The app uses the following connectors: shared_sharepointonline."}}},"appType":"ClassicCanvasApp","appComponents":[]}}